Workbook
Name PV_BLOG: Point_Values!$C$10
Name PV_PR: Point_Values!$C$11
Name PV_DEPLOY: Point_Values!$C$8
Name PV_SESSION: Point_Values!$C$4
Name PV_WIN: Point_Values!$C$6
Name PV_CHALLENGE: Point_Values!$C$5
Name PV_MENTOR: Point_Values!$C$13
Name PV_BUILDNIGHT: Point_Values!$C$12
Name PV_DEMO: Point_Values!$C$14
Name PV_UPDATE: Point_Values!$C$7
Name PV_HELP: Point_Values!$C$9

Sheet README
A1: Hackathon Leaderboard — Backend Workbook
A3: WHAT THIS FILE IS
A4: This workbook is the backend for the 6-week leaderboard. Every weekly score is
A5: calculated automatically by formula — you only ever type numbers into the cream-
A6: colored input cells. Never type into white/grey cells; those hold formulas.
A8: HOW POINTS ARE SPLIT
A9: 1) INDIVIDUAL activities (tracked per member, then AVERAGED into the team score):
A10: - Attending a live session -> 5 pts / session
A11: - Completing a mini-challenge -> 20 pts / challenge
A12: - Winning a mini-challenge -> +30 pts bonus
A13: Sheets: Week1_Individual ... Week6_Individual
A14: Each row is one member. Type their counts for that week in columns E, F, G.
... A45: Delete the Week 6 sample numbers whenever you are ready to start logging for real.

Sheet Point_Values
A1: Point Earning Table
A3: Type | B3: Activity | C3: Points | D3: Notes
A4: Individual | B4: Attending a live session | C4: 5 | D4: per session, applied per member then averaged into team score
A5: Individual | B5: Completing a mini-challenge | C5: 20 | D5: per challenge, applied per member then averaged
A6: Individual | B6: Winning a mini-challenge | C6: 30 | D6: bonus on top of completion, per member then averaged
A7: Team | B7: Weekly progress update | C7: 10 | D7: weekly | GitHub commit/Discord post + screenshot
A8: Team | B8: Deploying a working project/feature | C8: 15 | D8: per deploy | live URL/screenshot required
A9: Team | B9: Helping another team (documented) | C9: 10 | D9: per instance | verified via Discord tag
A10: Team | B10: Writing a technical blog post | C10: 20 | D10: per post | Medium/Hashnode/Dev.to
A11: Team | B11: Open source PR (merged) | C11: 25 | D11: per PR | must be merged
A12: Team | B12: Attending a Build Night | C12: 15 | D12: min. 45 mins
A13: Team | B13: Using a mentor hour slot | C13: 5 | D13: per slot
A14: Team | B14: Demo Day presentation | C14: 50 | D14: baseline for all presenting teams

Sheet Leaderboard
A1: Rank | B1: Team ID | C1: Team Name | D1: Domain Track | E1: Week 1 | F1: Week 2 | G1: Week 3 | H1: Week 4 | I1: Week 5 | J1: Week 6 | K1: Total Points
A2: =RANK($K2,$K$2:$K$96) -> 7 | B2: UQ962GS0 | C2: Hackherz | D2: AI+ Cloud | E2: =ROUND(IFERROR(AVERAGEIF(Week1_Individual!$B:$B,$C2,Week1_Individual!$H:$H),0)+IFERROR(VLOOKUP($C2,Week1_Team!$B:$K,10,FALSE()),0),1) -> 82.5 | F2: =ROUND(IFERROR(AVERAGEIF(Week2_Individual!$B:$B,$C2,Week2_Individual!$H:$H),0)+IFERROR(VLOOKUP($C2,Week2_Team!$B:$K,10,FALSE()),0),1) -> 135 | G2: =ROUND(IFERROR(AVERAGEIF(Week3_Individual!$B:$B,$C2,Week3_Individual!$H:$H),0)+IFERROR(VLOOKUP($C2,Week3_Team!$B:$K,10,FALSE()),0),1) -> 95 | H2: =ROUND(IFERROR(AVERAGEIF(Week4_Individual!$B:$B,$C2,Week4_Individual!$H:$H),0)+IFERROR(VLOOKUP($C2,Week4_Team!$B:$K,10,FALSE()),0),1) -> 327.5 | I2: =ROUND(IFERROR(AVERAGEIF(Week5_Individual!$B:$B,$C2,Week5_Individual!$H:$H),0)+IFERROR(VLOOKUP($C2,Week5_Team!$B:$K,10,FALSE()),0),1) -> 0 | J2: 0 | K2: =SUM(E2:J2) -> 640
A3: =RANK($K3,$K$2:$K$96) -> 13 | B3: UC3FP025 | C3: Dominators | D3: AI+ Cloud | E3: =ROUND(IFERROR(AVERAGEIF(Week1_Individual!$B:$B,$C3,Week1_Individual!$H:$H),0)+IFERROR(VLOOKUP($C3,Week1_Team!$B:$K,10,FALSE()),0),1) -> 75 | F3: =ROUND(IFERROR(AVERAGEIF(Week2_Individual!$B:$B,$C3,Week2_Individual!$H:$H),0)+IFERROR(VLOOKUP($C3,Week2_Team!$B:$K,10,FALSE()),0),1) -> 145 | G3: =ROUND(IFERROR(AVERAGEIF(Week3_Individual!$B:$B,$C3,Week3_Individual!$H:$H),0)+IFERROR(VLOOKUP($C3,Week3_Team!$B:$K,10,FALSE()),0),1) -> 125 | H3: =ROUND(IFERROR(AVERAGEIF(Week4_Individual!$B:$B,$C3,Week4_Individual!$H:$H),0)+IFERROR(VLOOKUP($C3,Week4_Team!$B:$K,10,FALSE()),0),1) -> 0 | I3: =ROUND(IFERROR(AVERAGEIF(Week5_Individual!$B:$B,$C3,Week5_Individual!$H:$H),0)+IFERROR(VLOOKUP($C3,Week5_Team!$B:$K,10,FALSE()),0),1) -> 0 | J3: 0 | K3: =SUM(E3:J3) -> 345
A4: =RANK($K4,$K$2:$K$96) -> 47 | B4: U7Y7C00E | C4: Cloud Shout | D4: Unassigned | E4: =ROUND(IFERROR(AVERAGEIF(Week1_Individual!$B:$B,$C4,Week1_Individual!$H:$H),0)+IFERROR(VLOOKUP($C4,Week1_Team!$B:$K,10,FALSE()),0),1) -> 0 | F4: =ROUND(IFERROR(AVERAGEIF(Week2_Individual!$B:$B,$C4,Week2_Individual!$H:$H),0)+IFERROR(VLOOKUP($C4,Week2_Team!$B:$K,10,FALSE()),0),1) -> 0 | G4: =ROUND(IFERROR(AVERAGEIF(Week3_Individual!$B:$B,$C4,Week3_Individual!$H:$H),0)+IFERROR(VLOOKUP($C4,Week3_Team!$B:$K,10,FALSE()),0),1) -> 0 | H4: =ROUND(IFERROR(AVERAGEIF(Week4_Individual!$B:$B,$C4,Week4_Individual!$H:$H),0)+IFERROR(VLOOKUP($C4,Week4_Team!$B:$K,10,FALSE()),0),1) -> 0 | I4: =ROUND(IFERROR(AVERAGEIF(Week5_Individual!$B:$B,$C4,Week5_Individual!$H:$H),0)+IFERROR(VLOOKUP($C4,Week5_Team!$B:$K,10,FALSE()),0),1) -> 0 | J4: 0 | K4: =SUM(E4:J4) -> 0
A5: =RANK($K5,$K$2:$K$96) -> 30 | B5: UQN61X77 | C5: Dameware | D5: AI+ Cloud | E5: =ROUND(IFERROR(AVERAGEIF(Week1_Individual!$B:$B,$C5,Week1_Individual!$H:$H),0)+IFERROR(VLOOKUP($C5,Week1_Team!$B:$K,10,FALSE()),0),1) -> 10 | F5: =ROUND(IFERROR(AVERAGEIF(Week2_Individual!$B:$B,$C5,Week2_Individual!$H:$H),0)+IFERROR(VLOOKUP($C5,Week2_Team!$B:$K,10,FALSE()),0),1) -> 20 | G5: =ROUND(IFERROR(AVERAGEIF(Week3_Individual!$B:$B,$C5,Week3_Individual!$H:$H),0)+IFERROR(VLOOKUP($C5,Week3_Team!$B:$K,10,FALSE()),0),1) -> 0 | H5: =ROUND(IFERROR(AVERAGEIF(Week4_Individual!$B:$B,$C5,Week4_Individual!$H:$H),0)+IFERROR(VLOOKUP($C5,Week4_Team!$B:$K,10,FALSE()),0),1) -> 0 | I5: =ROUND(IFERROR(AVERAGEIF(Week5_Individual!$B:$B,$C5,Week5_Individual!$H:$H),0)+IFERROR(VLOOKUP($C5,Week5_Team!$B:$K,10,FALSE()),0),1) -> 0 | J5: 0 | K5: =SUM(E5:J5) -> 30
A6: =RANK($K6,$K$2:$K$96) -> 47 | B6: U4V28K6Y | C6: THE KRAZY TEAM | D6: AI+ Cloud | E6: =ROUND(IFERROR(AVERAGEIF(Week1_Individual!$B:$B,$C6,Week1_Individual!$H:$H),0)+IFERROR(VLOOKUP($C6,Week1_Team!$B:$K,10,FALSE()),0),1) -> 0 | F6: =ROUND(IFERROR(AVERAGEIF(Week2_Individual!$B:$B,$C6,Week2_Individual!$H:$H),0)+IFERROR(VLOOKUP($C6,Week2_Team!$B:$K,10,FALSE()),0),1) -> 0 | G6: =ROUND(IFERROR(AVERAGEIF(Week3_Individual!$B:$B,$C6,Week3_Individual!$H:$H),0)+IFERROR(VLOOKUP($C6,Week3_Team!$B:$K,10,FALSE()),0),1) -> 0 | H6: =ROUND(IFERROR(AVERAGEIF(Week4_Individual!$B:$B,$C6,Week4_Individual!$H:$H),0)+IFERROR(VLOOKUP($C6,Week4_Team!$B:$K,10,FALSE()),0),1) -> 0 | I6: =ROUND(IFERROR(AVERAGEIF(Week5_Individual!$B:$B,$C6,Week5_Individual!$H:$H),0)+IFERROR(VLOOKUP($C6,Week5_Team!$B:$K,10,FALSE()),0),1) -> 0 | J6: 0 | K6: =SUM(E6:J6) -> 0
A7: =RANK($K7,$K$2:$K$96) -> 34 | B7: U7QW53P8 | C7: BugSlayers | D7: AI+ Cloud | E7: =ROUND(IFERROR(AVERAGEIF(Week1_Individual!$B:$B,$C7,Week1_Individual!$H:$H),0)+IFERROR(VLOOKUP($C7,Week1_Team!$B:$K,10,FALSE()),0),1) -> 0 | F7: =ROUND(IFERROR(AVERAGEIF(Week2_Individual!$B:$B,$C7,Week2_Individual!$H:$H),0)+IFERROR(VLOOKUP($C7,Week2_Team!$B:$K,10,FALSE()),0),1) -> 20 | G7: =ROUND(IFERROR(AVERAGEIF(Week3_Individual!$B:$B,$C7,Week3_Individual!$H:$H),0)+IFERROR(VLOOKUP($C7,Week3_Team!$B:$K,10,FALSE()),0),1) -> 0 | H7: =ROUND(IFERROR(AVERAGEIF(Week4_Individual!$B:$B,$C7,Week4_Individual!$H:$H),0)+IFERROR(VLOOKUP($C7,Week4_Team!$B:$K,10,FALSE()),0),1) -> 0 | I7: =ROUND(IFERROR(AVERAGEIF(Week5_Individual!$B:$B,$C7,Week5_Individual!$H:$H),0)+IFERROR(VLOOKUP($C7,Week5_Team!$B:$K,10,FALSE()),0),1) -> 0 | J7: 0 | K7: =SUM(E7:J7) -> 20
A8: =RANK($K8,$K$2:$K$96) -> 8 | B8: UH146X8Q | C8: Zero degree | D8: Fullstack + Cloud | E8: =ROUND(IFERROR(AVERAGEIF(Week1_Individual!$B:$B,$C8,Week1_Individual!$H:$H),0)+IFERROR(VLOOKUP($C8,Week1_Team!$B:$K,10,FALSE()),0),1) -> 50 | F8: =ROUND(IFERROR(AVERAGEIF(Week2_Individual!$B:$B,$C8,Week2_Individual!$H:$H),0)+IFERROR(VLOOKUP($C8,Week2_Team!$B:$K,10,FALSE()),0),1) -> 120 | G8: =ROUND(IFERROR(AVERAGEIF(Week3_Individual!$B:$B,$C8,Week3_Individual!$H:$H),0)+IFERROR(VLOOKUP($C8,Week3_Team!$B:$K,10,FALSE()),0),1) -> 157.5 | H8: =ROUND(IFERROR(AVERAGEIF(Week4_Individual!$B:$B,$C8,Week4_Individual!$H:$H),0)+IFERROR(VLOOKUP($C8,Week4_Team!$B:$K,10,FALSE()),0),1) -> 307.5 | I8: =ROUND(IFERROR(AVERAGEIF(Week5_Individual!$B:$B,$C8,Week5_Individual!$H:$H),0)+IFERROR(VLOOKUP($C8,Week5_Team!$B:$K,10,FALSE()),0),1) -> 0 | J8: 0 | K8: =SUM(E8:J8) -> 635
A9: =RANK($K9,$K$2:$K$96) -> 25 | B9: U8QVR014 | C9: Builders here | D9: AI+ Cloud | E9: =ROUND(IFERROR(AVERAGEIF(Week1_Individual!$B:$B,$C9,Week1_Individual!$H:$H),0)+IFERROR(VLOOKUP($C9,Week1_Team!$B:$K,10,FALSE()),0),1) -> 0 | F9: =ROUND(IFERROR(AVERAGEIF(Week2_Individual!$B:$B,$C9,Week2_Individual!$H:$H),0)+IFERROR(VLOOKUP($C9,Week2_Team!$B:$K,10,FALSE()),0),1) -> 40 | G9: =ROUND(IFERROR(AVERAGEIF(Week3_Individual!$B:$B,$C9,Week3_Individual!$H:$H),0)+IFERROR(VLOOKUP($C9,Week3_Team!$B:$K,10,FALSE()),0),1) -> 25 | H9: =ROUND(IFERROR(AVERAGEIF(Week4_Individual!$B:$B,$C9,Week4_Individual!$H:$H),0)+IFERROR(VLOOKUP($C9,Week4_Team!$B:$K,10,FALSE()),0),1) -> 0 | I9: =ROUND(IFERROR(AVERAGEIF(Week5_Individual!$B:$B,$C9,Week5_Individual!$H:$H),0)+IFERROR(VLOOKUP($C9,Week5_Team!$B:$K,10,FALSE()),0),1) -> 0 | J9: 0 | K9: =SUM(E9:J9) -> 65
A10: =RANK($K10,$K$2:$K$96) -> 30 | B10: U820U5BA | C10: HackEnds | D10: Fullstack + Cloud | E10: =ROUND(IFERROR(AVERAGEIF(Week1_Individual!$B:$B,$C10,Week1_Individual!$H:$H),0)+IFERROR(VLOOKUP($C10,Week1_Team!$B:$K,10,FALSE()),0),1) -> 10 | F10: =ROUND(IFERROR(AVERAGEIF(Week2_Individual!$B:$B,$C10,Week2_Individual!$H:$H),0)+IFERROR(VLOOKUP($C10,Week2_Team!$B:$K,10,FALSE()),0),1) -> 0 | G10: =ROUND(IFERROR(AVERAGEIF(Week3_Individual!$B:$B,$C10,Week3_Individual!$H:$H),0)+IFERROR(VLOOKUP($C10,Week3_Team!$B:$K,10,FALSE()),0),1) -> 10 | H10: =ROUND(IFERROR(AVERAGEIF(Week4_Individual!$B:$B,$C10,Week4_Individual!$H:$H),0)+IFERROR(VLOOKUP($C10,Week4_Team!$B:$K,10,FALSE()),0),1) -> 10 | I10: =ROUND(IFERROR(AVERAGEIF(Week5_Individual!$B:$B,$C10,Week5_Individual!$H:$H),0)+IFERROR(VLOOKUP($C10,Week5_Team!$B:$K,10,FALSE()),0),1) -> 0 | J10: 0 | K10: =SUM(E10:J10) -> 30
A11: =RANK($K11,$K$2:$K$96) -> 37 | B11: U9I2YU88 | C11: Nari_Coders | D11: Fullstack + Cloud | E11: =ROUND(IFERROR(AVERAGEIF(Week1_Individual!$B:$B,$C11,Week1_Individual!$H:$H),0)+IFERROR(VLOOKUP($C11,Week1_Team!$B:$K,10,FALSE()),0),1) -> 10 | F11: =ROUND(IFERROR(AVERAGEIF(Week2_Individual!$B:$B,$C11,Week2_Individual!$H:$H),0)+IFERROR(VLOOKUP($C11,Week2_Team!$B:$K,10,FALSE()),0),1) -> 0 | G11: =ROUND(IFERROR(AVERAGEIF(Week3_Individual!$B:$B,$C11,Week3_Individual!$H:$H),0)+IFERROR(VLOOKUP($C11,Week3_Team!$B:$K,10,FALSE()),0),1) -> 0 | H11: =ROUND(IFERROR(AVERAGEIF(Week4_Individual!$B:$B,$C11,Week4_Individual!$H:$H),0)+IFERROR(VLOOKUP($C11,Week4_Team!$B:$K,10,FALSE()),0),1) -> 0 | I11: =ROUND(IFERROR(AVERAGEIF(Week5_Individual!$B:$B,$C11,Week5_Individual!$H:$H),0)+IFERROR(VLOOKUP($C11,Week5_Team!$B:$K,10,FALSE()),0),1) -> 0 | J11: 0 | K11: =SUM(E11:J11) -> 10
A12: =RANK($K12,$K$2:$K$96) -> 1 | B12: U4V88J8A | C12: Future Foundry | D12: AI+ Cloud | E12: =ROUND(IFERROR(AVERAGEIF(Week1_Individual!$B:$B,$C12,Week1_Individual!$H:$H),0)+IFERROR(VLOOKUP($C12,Week1_Team!$B:$K,10,FALSE()),0),1) -> 82.5 | F12: =ROUND(IFERROR(AVERAGEIF(Week2_Individual!$B:$B,$C12,Week2_Individual!$H:$H),0)+IFERROR(VLOOKUP($C12,Week2_Team!$B:$K,10,FALSE()),0),1) -> 125 | G12: =ROUND(IFERROR(AVERAGEIF(Week3_Individual!$B:$B,$C12,Week3_Individual!$H:$H),0)+IFERROR(VLOOKUP($C12,Week3_Team!$B:$K,10,FALSE()),0),1) -> 257.5 | H12: =ROUND(IFERROR(AVERAGEIF(Week4_Individual!$B:$B,$C12,Week4_Individual!$H:$H),0)+IFERROR(VLOOKUP($C12,Week4_Team!$B:$K,10,FALSE()),0),1) -> 730 | I12: =ROUND(IFERROR(AVERAGEIF(Week5_Individual!$B:$B,$C12,Week5_Individual!$H:$H),0)+IFERROR(VLOOKUP($C12,Week5_Team!$B:$K,10,FALSE()),0),1) -> 0 | J12: 0 | K12: =SUM(E12:J12) -> 1195
A13: =RANK($K13,$K$2:$K$96) -> 22 | B13: UST5O599 | C13: Git happens | D13: Fullstack + Cloud | E13: =ROUND(IFERROR(AVERAGEIF(Week1_Individual!$B:$B,$C13,Week1_Individual!$H:$H),0)+IFERROR(VLOOKUP($C13,Week1_Team!$B:$K,10,FALSE()),0),1) -> 0 | F13: =ROUND(IFERROR(AVERAGEIF(Week2_Individual!$B:$B,$C13,Week2_Individual!$H:$H),0)+IFERROR(VLOOKUP($C13,Week2_Team!$B:$K,10,FALSE()),0),1) -> 0 | G13: =ROUND(IFERROR(AVERAGEIF(Week3_Individual!$B:$B,$C13,Week3_Individual!$H:$H),0)+IFERROR(VLOOKUP($C13,Week3_Team!$B:$K,10,FALSE()),0),1) -> 150 | H13: =ROUND(IFERROR(AVERAGEIF(Week4_Individual!$B:$B,$C13,Week4_Individual!$H:$H),0)+IFERROR(VLOOKUP($C13,Week4_Team!$B:$K,10,FALSE()),0),1) -> 0 | I13: =ROUND(IFERROR(AVERAGEIF(Week5_Individual!$B:$B,$C13,Week5_Individual!$H:$H),0)+IFERROR(VLOOKUP($C13,Week5_Team!$B:$K,10,FALSE()),0),1) -> 0 | J13: 0 | K13: =SUM(E13:J13) -> 150
... A96: =RANK($K96,$K$2:$K$96) -> 32 | B96: US4418KP | C96: QuadCore | D96: Fullstack + Cloud | E96: =ROUND(IFERROR(AVERAGEIF(Week1_Individual!$B:$B,$C96,Week1_Individual!$H:$H),0)+IFERROR(VLOOKUP($C96,Week1_Team!$B:$K,10,FALSE()),0),1) -> 10 | F96: =ROUND(IFERROR(AVERAGEIF(Week2_Individual!$B:$B,$C96,Week2_Individual!$H:$H),0)+IFERROR(VLOOKUP($C96,Week2_Team!$B:$K,10,FALSE()),0),1) -> 18.8 | G96: =ROUND(IFERROR(AVERAGEIF(Week3_Individual!$B:$B,$C96,Week3_Individual!$H:$H),0)+IFERROR(VLOOKUP($C96,Week3_Team!$B:$K,10,FALSE()),0),1) -> 0 | H96: =ROUND(IFERROR(AVERAGEIF(Week4_Individual!$B:$B,$C96,Week4_Individual!$H:$H),0)+IFERROR(VLOOKUP($C96,Week4_Team!$B:$K,10,FALSE()),0),1) -> 0 | I96: =ROUND(IFERROR(AVERAGEIF(Week5_Individual!$B:$B,$C96,Week5_Individual!$H:$H),0)+IFERROR(VLOOKUP($C96,Week5_Team!$B:$K,10,FALSE()),0),1) -> 0 | J96: 0 | K96: =SUM(E96:J96) -> 28.8

Sheet Teams
A1: Team ID | B1: Team Name | C1: Domain Track | D1: Team Size
A2: UQ962GS0 | B2: Hackherz | C2: AI+ Cloud | D2: 4
A3: UC3FP025 | B3: Dominators | C3: AI+ Cloud | D3: 2
A4: U7Y7C00E | B4: Cloud Shout | C4: Unassigned | D4: 2
A5: UQN61X77 | B5: Dameware | C5: AI+ Cloud | D5: 2
A6: U4V28K6Y | B6: THE KRAZY TEAM | C6: AI+ Cloud | D6: 2
A7: U7QW53P8 | B7: BugSlayers | C7: AI+ Cloud | D7: 2
A8: UH146X8Q | B8: Zero degree | C8: Fullstack + Cloud | D8: 4
A9: U8QVR014 | B9: Builders here | C9: AI+ Cloud | D9: 3
A10: U820U5BA | B10: HackEnds | C10: Fullstack + Cloud | D10: 2
A11: U9I2YU88 | B11: Nari_Coders | C11: Fullstack + Cloud | D11: 4
A12: U4V88J8A | B12: Future Foundry | C12: AI+ Cloud | D12: 4
A13: UST5O599 | B13: Git happens | C13: Fullstack + Cloud | D13: 2
... A96: US4418KP | B96: QuadCore | C96: Fullstack + Cloud | D96: 4

Sheet Members
A1: Team ID | B1: Team Name | C1: Member Name | D1: Role
A2: UQ962GS0 | B2: Hackherz | C2: shreyasi | D2: Team Leader
A3: UQ962GS0 | B3: Hackherz | C3: Pranavi Mendriatta | D3: Team Member
A4: UQ962GS0 | B4: Hackherz | C4: Sanjana | D4: Team Member
A5: UQ962GS0 | B5: Hackherz | C5: Krishika Jain | D5: Team Member
A6: UC3FP025 | B6: Dominators | C6: Swikriti Singh | D6: Team Leader
A7: UC3FP025 | B7: Dominators | C7: Aakriti Rajhans | D7: Team Member
A8: U7Y7C00E | B8: Cloud Shout | C8: Richa Sukla | D8: Team Leader
A9: U7Y7C00E | B9: Cloud Shout | C9: Vani | D9: Team Member
A10: UQN61X77 | B10: Dameware | C10: Sidhi | D10: Team Leader
A11: UQN61X77 | B11: Dameware | C11: Niharika | D11: Team Member
A12: U4V28K6Y | B12: THE KRAZY TEAM | C12: Drishti Chaudhary | D12: Team Leader
... A217: US4418KP | B217: QuadCore | C217: Shriya Mohan | D217: Team Member

Sheet Week1_Individual
B1: Team Name | C1: Member Name | D1: Role | E1: Sessions Attended | F1: Mini-Challenges Completed | G1: Mini-Challenges Won | H1: Individual Points
A2: UQ962GS0 | B2: Hackherz | C2: shreyasi | D2: Team Leader | E2: 2 | F2: 1 | G2: 0 | H2: =E2*PV_SESSION+F2*PV_CHALLENGE+G2*PV_WIN -> 30
A3: UQ962GS0 | B3: Hackherz | C3: Pranavi Mendriatta | D3: Team Member | E3: 2 | F3: 1 | G3: 0 | H3: =E3*PV_SESSION+F3*PV_CHALLENGE+G3*PV_WIN -> 30
A4: UQ962GS0 | B4: Hackherz | C4: Sanjana | D4: Team Member | E4: 2 | F4: 1 | G4: 1 | H4: =E4*PV_SESSION+F4*PV_CHALLENGE+G4*PV_WIN -> 60
A5: UQ962GS0 | B5: Hackherz | C5: Krishika Jain | D5: Team Member | E5: 2 | F5: 1 | G5: 0 | H5: =E5*PV_SESSION+F5*PV_CHALLENGE+G5*PV_WIN -> 30
A6: UC3FP025 | B6: Dominators | C6: Swikriti Singh | D6: Team Leader | E6: 2 | F6: 1 | G6: 0 | H6: =E6*PV_SESSION+F6*PV_CHALLENGE+G6*PV_WIN -> 30
A7: UC3FP025 | B7: Dominators | C7: Aakriti Rajhans | D7: Team Member | E7: 2 | F7: 1 | G7: 0 | H7: =E7*PV_SESSION+F7*PV_CHALLENGE+G7*PV_WIN -> 30
A8: U7Y7C00E | B8: Cloud Shout | C8: Richa Sukla | D8: Team Leader | E8: 0 | F8: 0 | G8: 0 | H8: =E8*PV_SESSION+F8*PV_CHALLENGE+G8*PV_WIN -> 0
A9: U7Y7C00E | B9: Cloud Shout | C9: Vani | D9: Team Member | E9: 0 | F9: 0 | G9: 0 | H9: =E9*PV_SESSION+F9*PV_CHALLENGE+G9*PV_WIN -> 0
A10: UQN61X77 | B10: Dameware | C10: Sidhi | D10: Team Leader | E10: 2 | F10: 0 | G10: 0 | H10: =E10*PV_SESSION+F10*PV_CHALLENGE+G10*PV_WIN -> 10
A11: UQN61X77 | B11: Dameware | C11: Niharika | D11: Team Member | E11: 2 | F11: 0 | G11: 0 | H11: =E11*PV_SESSION+F11*PV_CHALLENGE+G11*PV_WIN -> 10
A12: U4V28K6Y | B12: THE KRAZY TEAM | C12: Drishti Chaudhary | D12: Team Leader | E12: 0 | F12: 0 | G12: 0 | H12: =E12*PV_SESSION+F12*PV_CHALLENGE+G12*PV_WIN -> 0
A13: U4V28K6Y | B13: THE KRAZY TEAM | C13: Himani Singh | D13: Team Member | E13: 0 | F13: 0 | G13: 0 | H13: =E13*PV_SESSION+F13*PV_CHALLENGE+G13*PV_WIN -> 0
... A217: US4418KP | B217: QuadCore | C217: Shriya Mohan | D217: Team Member | E217: 2 | F217: 0 | G217: 0 | H217: =E217*PV_SESSION+F217*PV_CHALLENGE+G217*PV_WIN -> 10

Sheet Week2_Individual
A1: Team ID | B1: Team Name | C1: Member Name | D1: Role | E1: Sessions Attended | F1: Mini-Challenges Completed | G1: Mini-Challenges Won | H1: Individual Points
A2: UQ962GS0 | B2: Hackherz | C2: shreyasi | D2: Team Leader | E2: 4 | F2: 1 | G2: 1 | H2: =E2*PV_SESSION+F2*PV_CHALLENGE+G2*PV_WIN -> 70
A3: UQ962GS0 | B3: Hackherz | C3: Pranavi Mendriatta | D3: Team Member | E3: 4 | F3: 1 | G3: 1 | H3: =E3*PV_SESSION+F3*PV_CHALLENGE+G3*PV_WIN -> 70
A4: UQ962GS0 | B4: Hackherz | C4: Sanjana | D4: Team Member | E4: 4 | F4: 1 | G4: 0 | H4: =E4*PV_SESSION+F4*PV_CHALLENGE+G4*PV_WIN -> 40
A5: UQ962GS0 | B5: Hackherz | C5: Krishika Jain | D5: Team Member | E5: 4 | F5: 1 | G5: 0 | H5: =E5*PV_SESSION+F5*PV_CHALLENGE+G5*PV_WIN -> 40
A6: UC3FP025 | B6: Dominators | C6: Swikriti Singh | D6: Team Leader | E6: 4 | F6: 1 | G6: 0 | H6: =E6*PV_SESSION+F6*PV_CHALLENGE+G6*PV_WIN -> 40
A7: UC3FP025 | B7: Dominators | C7: Aakriti Rajhans | D7: Team Member | E7: 4 | F7: 1 | G7: 0 | H7: =E7*PV_SESSION+F7*PV_CHALLENGE+G7*PV_WIN -> 40
A8: U7Y7C00E | B8: Cloud Shout | C8: Richa Sukla | D8: Team Leader | E8: 0 | F8: 0 | G8: 0 | H8: =E8*PV_SESSION+F8*PV_CHALLENGE+G8*PV_WIN -> 0
A9: U7Y7C00E | B9: Cloud Shout | C9: Vani | D9: Team Member | E9: 0 | F9: 0 | G9: 0 | H9: =E9*PV_SESSION+F9*PV_CHALLENGE+G9*PV_WIN -> 0
A10: UQN61X77 | B10: Dameware | C10: Sidhi | D10: Team Leader | E10: 4 | F10: 0 | G10: 0 | H10: =E10*PV_SESSION+F10*PV_CHALLENGE+G10*PV_WIN -> 20
A11: UQN61X77 | B11: Dameware | C11: Niharika | D11: Team Member | E11: 4 | F11: 0 | G11: 0 | H11: =E11*PV_SESSION+F11*PV_CHALLENGE+G11*PV_WIN -> 20
A12: U4V28K6Y | B12: THE KRAZY TEAM | C12: Drishti Chaudhary | D12: Team Leader | E12: 0 | F12: 0 | G12: 0 | H12: =E12*PV_SESSION+F12*PV_CHALLENGE+G12*PV_WIN -> 0
A13: U4V28K6Y | B13: THE KRAZY TEAM | C13: Himani Singh | D13: Team Member | E13: 0 | F13: 0 | G13: 0 | H13: =E13*PV_SESSION+F13*PV_CHALLENGE+G13*PV_WIN -> 0
... A217: US4418KP | B217: QuadCore | C217: Shriya Mohan | D217: Team Member | E217: 1 | F217: 0 | G217: 0 | H217: =E217*PV_SESSION+F217*PV_CHALLENGE+G217*PV_WIN -> 5

Sheet Week3_Individual
A1: f | B1: Team Name | C1: Member Name | D1: Role | E1: Sessions Attended | F1: Mini-Challenges Completed | G1: Mini-Challenges Won | H1: Individual Points
A2: UQ962GS0 | B2: Hackherz | C2: shreyasi | D2: Team Leader | E2: 0 | F2: 1 | G2: 1 | H2: =E2*PV_SESSION+F2*PV_CHALLENGE+G2*PV_WIN -> 50
A3: UQ962GS0 | B3: Hackherz | C3: Pranavi Mendriatta | D3: Team Member | E3: 0 | F3: 1 | G3: 0 | H3: =E3*PV_SESSION+F3*PV_CHALLENGE+G3*PV_WIN -> 20
A4: UQ962GS0 | B4: Hackherz | C4: Sanjana | D4: Team Member | E4: 0 | F4: 1 | G4: 0 | H4: =E4*PV_SESSION+F4*PV_CHALLENGE+G4*PV_WIN -> 20
A5: UQ962GS0 | B5: Hackherz | C5: Krishika Jain | D5: Team Member | E5: 0 | F5: 1 | G5: 1 | H5: =E5*PV_SESSION+F5*PV_CHALLENGE+G5*PV_WIN -> 50
A6: UC3FP025 | B6: Dominators | C6: Swikriti Singh | D6: Team Leader | E6: 0 | F6: 1 | G6: 0 | H6: =E6*PV_SESSION+F6*PV_CHALLENGE+G6*PV_WIN -> 20
A7: UC3FP025 | B7: Dominators | C7: Aakriti Rajhans | D7: Team Member | E7: 0 | F7: 1 | G7: 0 | H7: =E7*PV_SESSION+F7*PV_CHALLENGE+G7*PV_WIN -> 20
A8: U7Y7C00E | B8: Cloud Shout | C8: Richa Sukla | D8: Team Leader | E8: 0 | F8: 0 | G8: 0 | H8: =E8*PV_SESSION+F8*PV_CHALLENGE+G8*PV_WIN -> 0
A9: U7Y7C00E | B9: Cloud Shout | C9: Vani | D9: Team Member | E9: 0 | F9: 0 | G9: 0 | H9: =E9*PV_SESSION+F9*PV_CHALLENGE+G9*PV_WIN -> 0
A10: UQN61X77 | B10: Dameware | C10: Sidhi | D10: Team Leader | E10: 0 | F10: 0 | G10: 0 | H10: =E10*PV_SESSION+F10*PV_CHALLENGE+G10*PV_WIN -> 0
A11: UQN61X77 | B11: Dameware | C11: Niharika | D11: Team Member | E11: 0 | F11: 0 | G11: 0 | H11: =E11*PV_SESSION+F11*PV_CHALLENGE+G11*PV_WIN -> 0
A12: U4V28K6Y | B12: THE KRAZY TEAM | C12: Drishti Chaudhary | D12: Team Leader | E12: 0 | F12: 0 | G12: 0 | H12: =E12*PV_SESSION+F12*PV_CHALLENGE+G12*PV_WIN -> 0
A13: U4V28K6Y | B13: THE KRAZY TEAM | C13: Himani Singh | D13: Team Member | E13: 0 | F13: 0 | G13: 0 | H13: =E13*PV_SESSION+F13*PV_CHALLENGE+G13*PV_WIN -> 0
... A217: US4418KP | B217: QuadCore | C217: Shriya Mohan | D217: Team Member | E217: 0 | F217: 0 | G217: 0 | H217: =E217*PV_SESSION+F217*PV_CHALLENGE+G217*PV_WIN -> 0

Sheet Week4_Individual
A1: Team ID | B1: Team Name | C1: Member Name | D1: Role | E1: Sessions Attended | F1: Mini-Challenges Completed | G1: Mini-Challenges Won | H1: Individual Points
A2: UQ962GS0 | B2: Hackherz | C2: shreyasi | D2: Team Leader | E2: 2 | F2: 1 | G2: 1 | H2: =E2*PV_SESSION+F2*PV_CHALLENGE+G2*PV_WIN -> 60
A3: UQ962GS0 | B3: Hackherz | C3: Pranavi Mendriatta | D3: Team Member | E3: 2 | F3: 1 | G3: 0 | H3: =E3*PV_SESSION+F3*PV_CHALLENGE+G3*PV_WIN -> 30
A4: UQ962GS0 | B4: Hackherz | C4: Sanjana | D4: Team Member | E4: 2 | F4: 1 | G4: 0 | H4: =E4*PV_SESSION+F4*PV_CHALLENGE+G4*PV_WIN -> 30
A5: UQ962GS0 | B5: Hackherz | C5: Krishika Jain | D5: Team Member | E5: 2 | F5: 1 | G5: 0 | H5: =E5*PV_SESSION+F5*PV_CHALLENGE+G5*PV_WIN -> 30
A6: UC3FP025 | B6: Dominators | C6: Swikriti Singh | D6: Team Leader | E6: 0 | F6: 0 | G6: 0 | H6: =E6*PV_SESSION+F6*PV_CHALLENGE+G6*PV_WIN -> 0
A7: UC3FP025 | B7: Dominators | C7: Aakriti Rajhans | D7: Team Member | E7: 0 | F7: 0 | G7: 0 | H7: =E7*PV_SESSION+F7*PV_CHALLENGE+G7*PV_WIN -> 0
A8: U7Y7C00E | B8: Cloud Shout | C8: Richa Sukla | D8: Team Leader | E8: 0 | F8: 0 | G8: 0 | H8: =E8*PV_SESSION+F8*PV_CHALLENGE+G8*PV_WIN -> 0
A9: U7Y7C00E | B9: Cloud Shout | C9: Vani | D9: Team Member | E9: 0 | F9: 0 | G9: 0 | H9: =E9*PV_SESSION+F9*PV_CHALLENGE+G9*PV_WIN -> 0
A10: UQN61X77 | B10: Dameware | C10: Sidhi | D10: Team Leader | E10: 0 | F10: 0 | G10: 0 | H10: =E10*PV_SESSION+F10*PV_CHALLENGE+G10*PV_WIN -> 0
A11: UQN61X77 | B11: Dameware | C11: Niharika | D11: Team Member | E11: 0 | F11: 0 | G11: 0 | H11: =E11*PV_SESSION+F11*PV_CHALLENGE+G11*PV_WIN -> 0
A12: U4V28K6Y | B12: THE KRAZY TEAM | C12: Drishti Chaudhary | D12: Team Leader | E12: 0 | F12: 0 | G12: 0 | H12: =E12*PV_SESSION+F12*PV_CHALLENGE+G12*PV_WIN -> 0
A13: U4V28K6Y | B13: THE KRAZY TEAM | C13: Himani Singh | D13: Team Member | E13: 0 | F13: 0 | G13: 0 | H13: =E13*PV_SESSION+F13*PV_CHALLENGE+G13*PV_WIN -> 0
... A217: US4418KP | B217: QuadCore | C217: Shriya Mohan | D217: Team Member | E217: 0 | F217: 0 | G217: 0 | H217: =E217*PV_SESSION+F217*PV_CHALLENGE+G217*PV_WIN -> 0

Sheet Week5_Individual
A1: Team ID | B1: Team Name | C1: Member Name | D1: Role | E1: Sessions Attended | F1: Mini-Challenges Completed | G1: Mini-Challenges Won | H1: Individual Points
A2: UQ962GS0 | B2: Hackherz | C2: shreyasi | D2: Team Leader | E2: 0 | F2: 0 | G2: 0 | H2: =E2*PV_SESSION+F2*PV_CHALLENGE+G2*PV_WIN -> 0
A3: UQ962GS0 | B3: Hackherz | C3: Pranavi Mendriatta | D3: Team Member | E3: 0 | F3: 0 | G3: 0 | H3: =E3*PV_SESSION+F3*PV_CHALLENGE+G3*PV_WIN -> 0
A4: UQ962GS0 | B4: Hackherz | C4: Sanjana | D4: Team Member | E4: 0 | F4: 0 | G4: 0 | H4: =E4*PV_SESSION+F4*PV_CHALLENGE+G4*PV_WIN -> 0
A5: UQ962GS0 | B5: Hackherz | C5: Krishika Jain | D5: Team Member | E5: 0 | F5: 0 | G5: 0 | H5: =E5*PV_SESSION+F5*PV_CHALLENGE+G5*PV_WIN -> 0
A6: UC3FP025 | B6: Dominators | C6: Swikriti Singh | D6: Team Leader | E6: 0 | F6: 0 | G6: 0 | H6: =E6*PV_SESSION+F6*PV_CHALLENGE+G6*PV_WIN -> 0
A7: UC3FP025 | B7: Dominators | C7: Aakriti Rajhans | D7: Team Member | E7: 0 | F7: 0 | G7: 0 | H7: =E7*PV_SESSION+F7*PV_CHALLENGE+G7*PV_WIN -> 0
A8: U7Y7C00E | B8: Cloud Shout | C8: Richa Sukla | D8: Team Leader | E8: 0 | F8: 0 | G8: 0 | H8: =E8*PV_SESSION+F8*PV_CHALLENGE+G8*PV_WIN -> 0
A9: U7Y7C00E | B9: Cloud Shout | C9: Vani | D9: Team Member | E9: 0 | F9: 0 | G9: 0 | H9: =E9*PV_SESSION+F9*PV_CHALLENGE+G9*PV_WIN -> 0
A10: UQN61X77 | B10: Dameware | C10: Sidhi | D10: Team Leader | E10: 0 | F10: 0 | G10: 0 | H10: =E10*PV_SESSION+F10*PV_CHALLENGE+G10*PV_WIN -> 0
A11: UQN61X77 | B11: Dameware | C11: Niharika | D11: Team Member | E11: 0 | F11: 0 | G11: 0 | H11: =E11*PV_SESSION+F11*PV_CHALLENGE+G11*PV_WIN -> 0
A12: U4V28K6Y | B12: THE KRAZY TEAM | C12: Drishti Chaudhary | D12: Team Leader | E12: 0 | F12: 0 | G12: 0 | H12: =E12*PV_SESSION+F12*PV_CHALLENGE+G12*PV_WIN -> 0
A13: U4V28K6Y | B13: THE KRAZY TEAM | C13: Himani Singh | D13: Team Member | E13: 0 | F13: 0 | G13: 0 | H13: =E13*PV_SESSION+F13*PV_CHALLENGE+G13*PV_WIN -> 0
... A217: US4418KP | B217: QuadCore | C217: Shriya Mohan | D217: Team Member | E217: 0 | F217: 0 | G217: 0 | H217: =E217*PV_SESSION+F217*PV_CHALLENGE+G217*PV_WIN -> 0

Sheet Week6_Individual
A1: Team ID | B1: Team Name | C1: Member Name | D1: Role | E1: Sessions Attended | F1: Mini-Challenges Completed | G1: Mini-Challenges Won | H1: Individual Points
A2: UQ962GS0 | B2: Hackherz | C2: shreyasi | D2: Team Leader | E2: 0 | F2: 0 | G2: 0 | H2: =E2*PV_SESSION+F2*PV_CHALLENGE+G2*PV_WIN -> 0
A3: UQ962GS0 | B3: Hackherz | C3: Pranavi Mendriatta | D3: Team Member | E3: 0 | F3: 0 | G3: 0 | H3: =E3*PV_SESSION+F3*PV_CHALLENGE+G3*PV_WIN -> 0
A4: UQ962GS0 | B4: Hackherz | C4: Sanjana | D4: Team Member | E4: 0 | F4: 0 | G4: 0 | H4: =E4*PV_SESSION+F4*PV_CHALLENGE+G4*PV_WIN -> 0
A5: UQ962GS0 | B5: Hackherz | C5: Krishika Jain | D5: Team Member | E5: 0 | F5: 0 | G5: 0 | H5: =E5*PV_SESSION+F5*PV_CHALLENGE+G5*PV_WIN -> 0
A6: UC3FP025 | B6: Dominators | C6: Swikriti Singh | D6: Team Leader | E6: 0 | F6: 0 | G6: 0 | H6: =E6*PV_SESSION+F6*PV_CHALLENGE+G6*PV_WIN -> 0
A7: UC3FP025 | B7: Dominators | C7: Aakriti Rajhans | D7: Team Member | E7: 0 | F7: 0 | G7: 0 | H7: =E7*PV_SESSION+F7*PV_CHALLENGE+G7*PV_WIN -> 0
A8: U7Y7C00E | B8: Cloud Shout | C8: Richa Sukla | D8: Team Leader | E8: 0 | F8: 0 | G8: 0 | H8: =E8*PV_SESSION+F8*PV_CHALLENGE+G8*PV_WIN -> 0
A9: U7Y7C00E | B9: Cloud Shout | C9: Vani | D9: Team Member | E9: 0 | F9: 0 | G9: 0 | H9: =E9*PV_SESSION+F9*PV_CHALLENGE+G9*PV_WIN -> 0
A10: UQN61X77 | B10: Dameware | C10: Sidhi | D10: Team Leader | E10: 0 | F10: 0 | G10: 0 | H10: =E10*PV_SESSION+F10*PV_CHALLENGE+G10*PV_WIN -> 0
A11: UQN61X77 | B11: Dameware | C11: Niharika | D11: Team Member | E11: 0 | F11: 0 | G11: 0 | H11: =E11*PV_SESSION+F11*PV_CHALLENGE+G11*PV_WIN -> 0
A12: U4V28K6Y | B12: THE KRAZY TEAM | C12: Drishti Chaudhary | D12: Team Leader | E12: 0 | F12: 0 | G12: 0 | H12: =E12*PV_SESSION+F12*PV_CHALLENGE+G12*PV_WIN -> 0
A13: U4V28K6Y | B13: THE KRAZY TEAM | C13: Himani Singh | D13: Team Member | E13: 0 | F13: 0 | G13: 0 | H13: =E13*PV_SESSION+F13*PV_CHALLENGE+G13*PV_WIN -> 0
... A217: US4418KP | B217: QuadCore | C217: Shriya Mohan | D217: Team Member | E217: 0 | F217: 0 | G217: 0 | H217: =E217*PV_SESSION+F217*PV_CHALLENGE+G217*PV_WIN -> 0

Sheet Week1_Team
A1: Team ID | B1: Team Name | C1: Weekly Update (0/1) | D1: Deploys | F1: Blog Posts | G1: PRs Merged | H1: Build Nights Attended | I1: Mentor Hour Slots Used | J1: Demo Day (0/1) | K1: Team Points
A2: UQ962GS0 | B2: Hackherz | C2: 1 | D2: 1 | F2: 1 | G2: 0 | H2: 0 | I2: 0 | J2: 0 | K2: =C2*PV_UPDATE+D2*PV_DEPLOY+E2*PV_HELP+F2*PV_BLOG+G2*PV_PR+H2*PV_BUILDNIGHT+I2*PV_MENTOR+J2*PV_DEMO -> 45
A3: UC3FP025 | B3: Dominators | C3: 1 | D3: 1 | F3: 1 | G3: 0 | H3: 0 | I3: 0 | J3: 0 | K3: =C3*PV_UPDATE+D3*PV_DEPLOY+E3*PV_HELP+F3*PV_BLOG+G3*PV_PR+H3*PV_BUILDNIGHT+I3*PV_MENTOR+J3*PV_DEMO -> 45
A4: U7Y7C00E | B4: Cloud Shout | C4: 0 | D4: 0 | F4: 0 | G4: 0 | H4: 0 | I4: 0 | J4: 0 | K4: =C4*PV_UPDATE+D4*PV_DEPLOY+E4*PV_HELP+F4*PV_BLOG+G4*PV_PR+H4*PV_BUILDNIGHT+I4*PV_MENTOR+J4*PV_DEMO -> 0
A5: UQN61X77 | B5: Dameware | C5: 0 | D5: 0 | F5: 0 | G5: 0 | H5: 0 | I5: 0 | J5: 0 | K5: =C5*PV_UPDATE+D5*PV_DEPLOY+E5*PV_HELP+F5*PV_BLOG+G5*PV_PR+H5*PV_BUILDNIGHT+I5*PV_MENTOR+J5*PV_DEMO -> 0
A6: U4V28K6Y | B6: THE KRAZY TEAM | C6: 0 | D6: 0 | F6: 0 | G6: 0 | H6: 0 | I6: 0 | J6: 0 | K6: =C6*PV_UPDATE+D6*PV_DEPLOY+E6*PV_HELP+F6*PV_BLOG+G6*PV_PR+H6*PV_BUILDNIGHT+I6*PV_MENTOR+J6*PV_DEMO -> 0
A7: U7QW53P8 | B7: BugSlayers | C7: 0 | D7: 0 | F7: 0 | G7: 0 | H7: 0 | I7: 0 | J7: 0 | K7: =C7*PV_UPDATE+D7*PV_DEPLOY+E7*PV_HELP+F7*PV_BLOG+G7*PV_PR+H7*PV_BUILDNIGHT+I7*PV_MENTOR+J7*PV_DEMO -> 0
A8: UH146X8Q | B8: Zero degree | C8: 1 | D8: 0 | F8: 1 | G8: 0 | H8: 0 | I8: 0 | J8: 0 | K8: =C8*PV_UPDATE+D8*PV_DEPLOY+E8*PV_HELP+F8*PV_BLOG+G8*PV_PR+H8*PV_BUILDNIGHT+I8*PV_MENTOR+J8*PV_DEMO -> 30
A9: U8QVR014 | B9: Builders here | C9: 0 | D9: 0 | F9: 0 | G9: 0 | H9: 0 | I9: 0 | J9: 0 | K9: =C9*PV_UPDATE+D9*PV_DEPLOY+E9*PV_HELP+F9*PV_BLOG+G9*PV_PR+H9*PV_BUILDNIGHT+I9*PV_MENTOR+J9*PV_DEMO -> 0
A10: U820U5BA | B10: HackEnds | C10: 0 | D10: 0 | F10: 0 | G10: 0 | H10: 0 | I10: 0 | J10: 0 | K10: =C10*PV_UPDATE+D10*PV_DEPLOY+E10*PV_HELP+F10*PV_BLOG+G10*PV_PR+H10*PV_BUILDNIGHT+I10*PV_MENTOR+J10*PV_DEMO -> 0
A11: U9I2YU88 | B11: Nari_Coders | C11: 0 | D11: 0 | F11: 0 | G11: 0 | H11: 0 | I11: 0 | J11: 0 | K11: =C11*PV_UPDATE+D11*PV_DEPLOY+E11*PV_HELP+F11*PV_BLOG+G11*PV_PR+H11*PV_BUILDNIGHT+I11*PV_MENTOR+J11*PV_DEMO -> 0
A12: U4V88J8A | B12: Future Foundry | C12: 1 | D12: 1 | F12: 1 | G12: 0 | H12: 0 | I12: 0 | J12: 0 | K12: =C12*PV_UPDATE+D12*PV_DEPLOY+E12*PV_HELP+F12*PV_BLOG+G12*PV_PR+H12*PV_BUILDNIGHT+I12*PV_MENTOR+J12*PV_DEMO -> 45
A13: UST5O599 | B13: Git happens | C13: 0 | D13: 0 | F13: 0 | G13: 0 | H13: 0 | I13: 0 | J13: 0 | K13: =C13*PV_UPDATE+D13*PV_DEPLOY+E13*PV_HELP+F13*PV_BLOG+G13*PV_PR+H13*PV_BUILDNIGHT+I13*PV_MENTOR+J13*PV_DEMO -> 0
... A96: US4418KP | B96: QuadCore | C96: 0 | D96: 0 | F96: 0 | G96: 0 | H96: 0 | I96: 0 | J96: 0 | K96: =C96*PV_UPDATE+D96*PV_DEPLOY+E96*PV_HELP+F96*PV_BLOG+G96*PV_PR+H96*PV_BUILDNIGHT+I96*PV_MENTOR+J96*PV_DEMO -> 0

Sheet Week2_Team
A1: Team ID | B1: Team Name | C1: Weekly Update (0/1) | D1: Deploys | F1: Blog Posts | G1: PRs Merged | H1: Build Nights Attended | I1: Mentor Hour Slots Used | J1: Demo Day (0/1) | K1: Team Points
A2: UQ962GS0 | B2: Hackherz | C2: 1 | D2: 1 | F2: 2 | G2: 0 | H2: 1 | I2: 0 | J2: 0 | K2: =C2*PV_UPDATE+D2*PV_DEPLOY+E2*PV_HELP+F2*PV_BLOG+G2*PV_PR+H2*PV_BUILDNIGHT+I2*PV_MENTOR+J2*PV_DEMO -> 80
A3: UC3FP025 | B3: Dominators | C3: 1 | D3: 1 | F3: 2 | G3: 1 | H3: 1 | I3: 0 | J3: 0 | K3: =C3*PV_UPDATE+D3*PV_DEPLOY+E3*PV_HELP+F3*PV_BLOG+G3*PV_PR+H3*PV_BUILDNIGHT+I3*PV_MENTOR+J3*PV_DEMO -> 105
A4: U7Y7C00E | B4: Cloud Shout | C4: 0 | D4: 0 | F4: 0 | G4: 0 | H4: 0 | I4: 0 | J4: 0 | K4: =C4*PV_UPDATE+D4*PV_DEPLOY+E4*PV_HELP+F4*PV_BLOG+G4*PV_PR+H4*PV_BUILDNIGHT+I4*PV_MENTOR+J4*PV_DEMO -> 0
A5: UQN61X77 | B5: Dameware | C5: 0 | D5: 0 | F5: 0 | G5: 0 | H5: 0 | I5: 0 | J5: 0 | K5: =C5*PV_UPDATE+D5*PV_DEPLOY+E5*PV_HELP+F5*PV_BLOG+G5*PV_PR+H5*PV_BUILDNIGHT+I5*PV_MENTOR+J5*PV_DEMO -> 0
A6: U4V28K6Y | B6: THE KRAZY TEAM | C6: 0 | D6: 0 | F6: 0 | G6: 0 | H6: 0 | I6: 0 | J6: 0 | K6: =C6*PV_UPDATE+D6*PV_DEPLOY+E6*PV_HELP+F6*PV_BLOG+G6*PV_PR+H6*PV_BUILDNIGHT+I6*PV_MENTOR+J6*PV_DEMO -> 0
A7: U7QW53P8 | B7: BugSlayers | C7: 0 | D7: 0 | F7: 0 | G7: 0 | H7: 0 | I7: 0 | J7: 0 | K7: =C7*PV_UPDATE+D7*PV_DEPLOY+E7*PV_HELP+F7*PV_BLOG+G7*PV_PR+H7*PV_BUILDNIGHT+I7*PV_MENTOR+J7*PV_DEMO -> 0
A8: UH146X8Q | B8: Zero degree | C8: 1 | D8: 1 | F8: 2 | G8: 0 | H8: 1 | I8: 0 | J8: 0 | K8: =C8*PV_UPDATE+D8*PV_DEPLOY+E8*PV_HELP+F8*PV_BLOG+G8*PV_PR+H8*PV_BUILDNIGHT+I8*PV_MENTOR+J8*PV_DEMO -> 80
A9: U8QVR014 | B9: Builders here | C9: 0 | D9: 0 | F9: 2 | G9: 0 | H9: 0 | I9: 0 | J9: 0 | K9: =C9*PV_UPDATE+D9*PV_DEPLOY+E9*PV_HELP+F9*PV_BLOG+G9*PV_PR+H9*PV_BUILDNIGHT+I9*PV_MENTOR+J9*PV_DEMO -> 40
A10: U820U5BA | B10: HackEnds | C10: 0 | D10: 0 | F10: 0 | G10: 0 | H10: 0 | I10: 0 | J10: 0 | K10: =C10*PV_UPDATE+D10*PV_DEPLOY+E10*PV_HELP+F10*PV_BLOG+G10*PV_PR+H10*PV_BUILDNIGHT+I10*PV_MENTOR+J10*PV_DEMO -> 0
A11: U9I2YU88 | B11: Nari_Coders | C11: 0 | D11: 0 | F11: 0 | G11: 0 | H11: 0 | I11: 0 | J11: 0 | K11: =C11*PV_UPDATE+D11*PV_DEPLOY+E11*PV_HELP+F11*PV_BLOG+G11*PV_PR+H11*PV_BUILDNIGHT+I11*PV_MENTOR+J11*PV_DEMO -> 0
A12: U4V88J8A | B12: Future Foundry | C12: 1 | D12: 1 | F12: 2 | G12: 0 | H12: 1 | I12: 0 | J12: 0 | K12: =C12*PV_UPDATE+D12*PV_DEPLOY+E12*PV_HELP+F12*PV_BLOG+G12*PV_PR+H12*PV_BUILDNIGHT+I12*PV_MENTOR+J12*PV_DEMO -> 80
A13: UST5O599 | B13: Git happens | C13: 0 | D13: 0 | F13: 0 | G13: 0 | H13: 0 | I13: 0 | J13: 0 | K13: =C13*PV_UPDATE+D13*PV_DEPLOY+E13*PV_HELP+F13*PV_BLOG+G13*PV_PR+H13*PV_BUILDNIGHT+I13*PV_MENTOR+J13*PV_DEMO -> 0
... A96: US4418KP | B96: QuadCore | C96: 0 | D96: 0 | F96: 0 | G96: 0 | H96: 0 | I96: 0 | J96: 0 | K96: =C96*PV_UPDATE+D96*PV_DEPLOY+E96*PV_HELP+F96*PV_BLOG+G96*PV_PR+H96*PV_BUILDNIGHT+I96*PV_MENTOR+J96*PV_DEMO -> 0

Sheet Week3_Team
A1: Team ID | B1: Team Name | C1: Weekly Update (0/1) | D1: Deploys | F1: Blog Posts | G1: PRs Merged | H1: Build Nights Attended | I1: Mentor Hour Slots Used | J1: Demo Day (0/1) | K1: Team Points
A2: UQ962GS0 | B2: Hackherz | C2: 1 | D2: 1 | F2: 1 | G2: 0 | H2: 1 | I2: 0 | J2: 0 | K2: =C2*PV_UPDATE+D2*PV_DEPLOY+E2*PV_HELP+F2*PV_BLOG+G2*PV_PR+H2*PV_BUILDNIGHT+I2*PV_MENTOR+J2*PV_DEMO -> 60
A3: UC3FP025 | B3: Dominators | C3: 1 | D3: 1 | F3: 2 | G3: 1 | H3: 1 | I3: 0 | J3: 0 | K3: =C3*PV_UPDATE+D3*PV_DEPLOY+E3*PV_HELP+F3*PV_BLOG+G3*PV_PR+H3*PV_BUILDNIGHT+I3*PV_MENTOR+J3*PV_DEMO -> 105
A4: U7Y7C00E | B4: Cloud Shout | C4: 0 | D4: 0 | F4: 0 | G4: 0 | H4: 0 | I4: 0 | J4: 0 | K4: =C4*PV_UPDATE+D4*PV_DEPLOY+E4*PV_HELP+F4*PV_BLOG+G4*PV_PR+H4*PV_BUILDNIGHT+I4*PV_MENTOR+J4*PV_DEMO -> 0
A5: UQN61X77 | B5: Dameware | C5: 0 | D5: 0 | F5: 0 | G5: 0 | H5: 0 | I5: 0 | J5: 0 | K5: =C5*PV_UPDATE+D5*PV_DEPLOY+E5*PV_HELP+F5*PV_BLOG+G5*PV_PR+H5*PV_BUILDNIGHT+I5*PV_MENTOR+J5*PV_DEMO -> 0
A6: U4V28K6Y | B6: THE KRAZY TEAM | C6: 0 | D6: 0 | F6: 0 | G6: 0 | H6: 0 | I6: 0 | J6: 0 | K6: =C6*PV_UPDATE+D6*PV_DEPLOY+E6*PV_HELP+F6*PV_BLOG+G6*PV_PR+H6*PV_BUILDNIGHT+I6*PV_MENTOR+J6*PV_DEMO -> 0
A7: U7QW53P8 | B7: BugSlayers | C7: 0 | D7: 0 | F7: 0 | G7: 0 | H7: 0 | I7: 0 | J7: 0 | K7: =C7*PV_UPDATE+D7*PV_DEPLOY+E7*PV_HELP+F7*PV_BLOG+G7*PV_PR+H7*PV_BUILDNIGHT+I7*PV_MENTOR+J7*PV_DEMO -> 0
A8: UH146X8Q | B8: Zero degree | C8: 1 | D8: 1 | F8: 2 | G8: 2 | H8: 1 | I8: 0 | J8: 0 | K8: =C8*PV_UPDATE+D8*PV_DEPLOY+E8*PV_HELP+F8*PV_BLOG+G8*PV_PR+H8*PV_BUILDNIGHT+I8*PV_MENTOR+J8*PV_DEMO -> 130
A9: U8QVR014 | B9: Builders here | C9: 0 | D9: 0 | F9: 0 | G9: 1 | H9: 0 | I9: 0 | J9: 0 | K9: =C9*PV_UPDATE+D9*PV_DEPLOY+E9*PV_HELP+F9*PV_BLOG+G9*PV_PR+H9*PV_BUILDNIGHT+I9*PV_MENTOR+J9*PV_DEMO -> 25
A10: U820U5BA | B10: HackEnds | C10: 0 | D10: 0 | F10: 0 | G10: 0 | H10: 0 | I10: 0 | J10: 0 | K10: =C10*PV_UPDATE+D10*PV_DEPLOY+E10*PV_HELP+F10*PV_BLOG+G10*PV_PR+H10*PV_BUILDNIGHT+I10*PV_MENTOR+J10*PV_DEMO -> 0
A11: U9I2YU88 | B11: Nari_Coders | C11: 0 | D11: 0 | F11: 0 | G11: 0 | H11: 0 | I11: 0 | J11: 0 | K11: =C11*PV_UPDATE+D11*PV_DEPLOY+E11*PV_HELP+F11*PV_BLOG+G11*PV_PR+H11*PV_BUILDNIGHT+I11*PV_MENTOR+J11*PV_DEMO -> 0
A12: U4V88J8A | B12: Future Foundry | C12: 1 | D12: 1 | F12: 2 | G12: 6 | H12: 1 | I12: 0 | J12: 0 | K12: =C12*PV_UPDATE+D12*PV_DEPLOY+E12*PV_HELP+F12*PV_BLOG+G12*PV_PR+H12*PV_BUILDNIGHT+I12*PV_MENTOR+J12*PV_DEMO -> 230
A13: UST5O599 | B13: Git happens | C13: 0 | D13: 0 | F13: 0 | G13: 6 | H13: 0 | I13: 0 | J13: 0 | K13: =C13*PV_UPDATE+D13*PV_DEPLOY+E13*PV_HELP+F13*PV_BLOG+G13*PV_PR+H13*PV_BUILDNIGHT+I13*PV_MENTOR+J13*PV_DEMO -> 150
... A96: US4418KP | B96: QuadCore | C96: 0 | D96: 0 | F96: 0 | G96: 0 | H96: 0 | I96: 0 | J96: 0 | K96: =C96*PV_UPDATE+D96*PV_DEPLOY+E96*PV_HELP+F96*PV_BLOG+G96*PV_PR+H96*PV_BUILDNIGHT+I96*PV_MENTOR+J96*PV_DEMO -> 0

Sheet Week4_Team
A1: Team ID | B1: Team Name | C1: Weekly Update (0/1) | D1: Deploys | F1: Blog Posts | G1: PRs Merged | H1: Build Nights Attended | I1: Mentor Hour Slots Used | J1: Demo Day (0/1) | K1: Team Points
A2: UQ962GS0 | B2: Hackherz | C2: 1 | D2: 1 | F2: 2 | G2: 9 | H2: 0 | I2: 0 | J2: 0 | K2: =C2*PV_UPDATE+D2*PV_DEPLOY+E2*PV_HELP+F2*PV_BLOG+G2*PV_PR+H2*PV_BUILDNIGHT+I2*PV_MENTOR+J2*PV_DEMO -> 290
A3: UC3FP025 | B3: Dominators | C3: 0 | D3: 0 | F3: 0 | G3: 0 | H3: 0 | I3: 0 | J3: 0 | K3: =C3*PV_UPDATE+D3*PV_DEPLOY+E3*PV_HELP+F3*PV_BLOG+G3*PV_PR+H3*PV_BUILDNIGHT+I3*PV_MENTOR+J3*PV_DEMO -> 0
A4: U7Y7C00E | B4: Cloud Shout | C4: 0 | D4: 0 | F4: 0 | G4: 0 | H4: 0 | I4: 0 | J4: 0 | K4: =C4*PV_UPDATE+D4*PV_DEPLOY+E4*PV_HELP+F4*PV_BLOG+G4*PV_PR+H4*PV_BUILDNIGHT+I4*PV_MENTOR+J4*PV_DEMO -> 0
A5: UQN61X77 | B5: Dameware | C5: 0 | D5: 0 | F5: 0 | G5: 0 | H5: 0 | I5: 0 | J5: 0 | K5: =C5*PV_UPDATE+D5*PV_DEPLOY+E5*PV_HELP+F5*PV_BLOG+G5*PV_PR+H5*PV_BUILDNIGHT+I5*PV_MENTOR+J5*PV_DEMO -> 0
A6: U4V28K6Y | B6: THE KRAZY TEAM | C6: 0 | D6: 0 | F6: 0 | G6: 0 | H6: 0 | I6: 0 | J6: 0 | K6: =C6*PV_UPDATE+D6*PV_DEPLOY+E6*PV_HELP+F6*PV_BLOG+G6*PV_PR+H6*PV_BUILDNIGHT+I6*PV_MENTOR+J6*PV_DEMO -> 0
A7: U7QW53P8 | B7: BugSlayers | C7: 0 | D7: 0 | F7: 0 | G7: 0 | H7: 0 | I7: 0 | J7: 0 | K7: =C7*PV_UPDATE+D7*PV_DEPLOY+E7*PV_HELP+F7*PV_BLOG+G7*PV_PR+H7*PV_BUILDNIGHT+I7*PV_MENTOR+J7*PV_DEMO -> 0
A8: UH146X8Q | B8: Zero degree | C8: 1 | D8: 1 | F8: 2 | G8: 8 | H8: 0 | I8: 0 | J8: 0 | K8: =C8*PV_UPDATE+D8*PV_DEPLOY+E8*PV_HELP+F8*PV_BLOG+G8*PV_PR+H8*PV_BUILDNIGHT+I8*PV_MENTOR+J8*PV_DEMO -> 265
A9: U8QVR014 | B9: Builders here | C9: 0 | D9: 0 | F9: 0 | G9: 0 | H9: 0 | I9: 0 | J9: 0 | K9: =C9*PV_UPDATE+D9*PV_DEPLOY+E9*PV_HELP+F9*PV_BLOG+G9*PV_PR+H9*PV_BUILDNIGHT+I9*PV_MENTOR+J9*PV_DEMO -> 0
A10: U820U5BA | B10: HackEnds | C10: 0 | D10: 0 | F10: 0 | G10: 0 | H10: 0 | I10: 0 | J10: 0 | K10: =C10*PV_UPDATE+D10*PV_DEPLOY+E10*PV_HELP+F10*PV_BLOG+G10*PV_PR+H10*PV_BUILDNIGHT+I10*PV_MENTOR+J10*PV_DEMO -> 0
A11: U9I2YU88 | B11: Nari_Coders | C11: 0 | D11: 0 | F11: 0 | G11: 0 | H11: 0 | I11: 0 | J11: 0 | K11: =C11*PV_UPDATE+D11*PV_DEPLOY+E11*PV_HELP+F11*PV_BLOG+G11*PV_PR+H11*PV_BUILDNIGHT+I11*PV_MENTOR+J11*PV_DEMO -> 0
A12: U4V88J8A | B12: Future Foundry | C12: 1 | D12: 1 | F12: 2 | G12: 26 | H12: 0 | I12: 0 | J12: 0 | K12: =C12*PV_UPDATE+D12*PV_DEPLOY+E12*PV_HELP+F12*PV_BLOG+G12*PV_PR+H12*PV_BUILDNIGHT+I12*PV_MENTOR+J12*PV_DEMO -> 715
A13: UST5O599 | B13: Git happens | C13: 0 | D13: 0 | F13: 0 | G13: 0 | H13: 0 | I13: 0 | J13: 0 | K13: =C13*PV_UPDATE+D13*PV_DEPLOY+E13*PV_HELP+F13*PV_BLOG+G13*PV_PR+H13*PV_BUILDNIGHT+I13*PV_MENTOR+J13*PV_DEMO -> 0
... A96: US4418KP | B96: QuadCore | C96: 0 | D96: 0 | F96: 0 | G96: 0 | H96: 0 | I96: 0 | J96: 0 | K96: =C96*PV_UPDATE+D96*PV_DEPLOY+E96*PV_HELP+F96*PV_BLOG+G96*PV_PR+H96*PV_BUILDNIGHT+I96*PV_MENTOR+J96*PV_DEMO -> 0

Sheet Week5_Team
A1: Team ID | B1: Team Name | C1: Weekly Update (0/1) | D1: Deploys | E1: Helped Other Teams | F1: Blog Posts | G1: PRs Merged | H1: Build Nights Attended | I1: Mentor Hour Slots Used | J1: Demo Day (0/1) | K1: Team Points
A2: UQ962GS0 | B2: Hackherz | C2: 0 | D2: 0 | E2: 0 | F2: 0 | G2: 0 | H2: 0 | I2: 0 | J2: 0 | K2: =C2*PV_UPDATE+D2*PV_DEPLOY+E2*PV_HELP+F2*PV_BLOG+G2*PV_PR+H2*PV_BUILDNIGHT+I2*PV_MENTOR+J2*PV_DEMO -> 0
A3: UC3FP025 | B3: Dominators | C3: 0 | D3: 0 | E3: 0 | F3: 0 | G3: 0 | H3: 0 | I3: 0 | J3: 0 | K3: =C3*PV_UPDATE+D3*PV_DEPLOY+E3*PV_HELP+F3*PV_BLOG+G3*PV_PR+H3*PV_BUILDNIGHT+I3*PV_MENTOR+J3*PV_DEMO -> 0
A4: U7Y7C00E | B4: Cloud Shout | C4: 0 | D4: 0 | E4: 0 | F4: 0 | G4: 0 | H4: 0 | I4: 0 | J4: 0 | K4: =C4*PV_UPDATE+D4*PV_DEPLOY+E4*PV_HELP+F4*PV_BLOG+G4*PV_PR+H4*PV_BUILDNIGHT+I4*PV_MENTOR+J4*PV_DEMO -> 0
A5: UQN61X77 | B5: Dameware | C5: 0 | D5: 0 | E5: 0 | F5: 0 | G5: 0 | H5: 0 | I5: 0 | J5: 0 | K5: =C5*PV_UPDATE+D5*PV_DEPLOY+E5*PV_HELP+F5*PV_BLOG+G5*PV_PR+H5*PV_BUILDNIGHT+I5*PV_MENTOR+J5*PV_DEMO -> 0
A6: U4V28K6Y | B6: THE KRAZY TEAM | C6: 0 | D6: 0 | E6: 0 | F6: 0 | G6: 0 | H6: 0 | I6: 0 | J6: 0 | K6: =C6*PV_UPDATE+D6*PV_DEPLOY+E6*PV_HELP+F6*PV_BLOG+G6*PV_PR+H6*PV_BUILDNIGHT+I6*PV_MENTOR+J6*PV_DEMO -> 0
A7: U7QW53P8 | B7: BugSlayers | C7: 0 | D7: 0 | E7: 0 | F7: 0 | G7: 0 | H7: 0 | I7: 0 | J7: 0 | K7: =C7*PV_UPDATE+D7*PV_DEPLOY+E7*PV_HELP+F7*PV_BLOG+G7*PV_PR+H7*PV_BUILDNIGHT+I7*PV_MENTOR+J7*PV_DEMO -> 0
A8: UH146X8Q | B8: Zero degree | C8: 0 | D8: 0 | E8: 0 | F8: 0 | G8: 0 | H8: 0 | I8: 0 | J8: 0 | K8: =C8*PV_UPDATE+D8*PV_DEPLOY+E8*PV_HELP+F8*PV_BLOG+G8*PV_PR+H8*PV_BUILDNIGHT+I8*PV_MENTOR+J8*PV_DEMO -> 0
A9: U8QVR014 | B9: Builders here | C9: 0 | D9: 0 | E9: 0 | F9: 0 | G9: 0 | H9: 0 | I9: 0 | J9: 0 | K9: =C9*PV_UPDATE+D9*PV_DEPLOY+E9*PV_HELP+F9*PV_BLOG+G9*PV_PR+H9*PV_BUILDNIGHT+I9*PV_MENTOR+J9*PV_DEMO -> 0
A10: U820U5BA | B10: HackEnds | C10: 0 | D10: 0 | E10: 0 | F10: 0 | G10: 0 | H10: 0 | I10: 0 | J10: 0 | K10: =C10*PV_UPDATE+D10*PV_DEPLOY+E10*PV_HELP+F10*PV_BLOG+G10*PV_PR+H10*PV_BUILDNIGHT+I10*PV_MENTOR+J10*PV_DEMO -> 0
A11: U9I2YU88 | B11: Nari_Coders | C11: 0 | D11: 0 | E11: 0 | F11: 0 | G11: 0 | H11: 0 | I11: 0 | J11: 0 | K11: =C11*PV_UPDATE+D11*PV_DEPLOY+E11*PV_HELP+F11*PV_BLOG+G11*PV_PR+H11*PV_BUILDNIGHT+I11*PV_MENTOR+J11*PV_DEMO -> 0
A12: U4V88J8A | B12: Future Foundry | C12: 0 | D12: 0 | E12: 0 | F12: 0 | G12: 0 | H12: 0 | I12: 0 | J12: 0 | K12: =C12*PV_UPDATE+D12*PV_DEPLOY+E12*PV_HELP+F12*PV_BLOG+G12*PV_PR+H12*PV_BUILDNIGHT+I12*PV_MENTOR+J12*PV_DEMO -> 0
A13: UST5O599 | B13: Git happens | C13: 0 | D13: 0 | E13: 0 | F13: 0 | G13: 0 | H13: 0 | I13: 0 | J13: 0 | K13: =C13*PV_UPDATE+D13*PV_DEPLOY+E13*PV_HELP+F13*PV_BLOG+G13*PV_PR+H13*PV_BUILDNIGHT+I13*PV_MENTOR+J13*PV_DEMO -> 0
... A96: US4418KP | B96: QuadCore | C96: 0 | D96: 0 | E96: 0 | F96: 0 | G96: 0 | H96: 0 | I96: 0 | J96: 0 | K96: =C96*PV_UPDATE+D96*PV_DEPLOY+E96*PV_HELP+F96*PV_BLOG+G96*PV_PR+H96*PV_BUILDNIGHT+I96*PV_MENTOR+J96*PV_DEMO -> 0

Sheet Week6_Team
A1: Team ID | B1: Team Name | C1: Weekly Update (0/1) | D1: Deploys | E1: Helped Other Teams | F1: Blog Posts | G1: PRs Merged | H1: Build Nights Attended | I1: Mentor Hour Slots Used | J1: Demo Day (0/1) | K1: Team Points
A2: UQ962GS0 | B2: Hackherz | C2: 0 | D2: 0 | E2: 0 | F2: 0 | G2: 0 | H2: 0 | I2: 0 | J2: 0 | K2: =C2*PV_UPDATE+D2*PV_DEPLOY+E2*PV_HELP+F2*PV_BLOG+G2*PV_PR+H2*PV_BUILDNIGHT+I2*PV_MENTOR+J2*PV_DEMO -> 0
A3: UC3FP025 | B3: Dominators | C3: 0 | D3: 0 | E3: 0 | F3: 0 | G3: 0 | H3: 0 | I3: 0 | J3: 0 | K3: =C3*PV_UPDATE+D3*PV_DEPLOY+E3*PV_HELP+F3*PV_BLOG+G3*PV_PR+H3*PV_BUILDNIGHT+I3*PV_MENTOR+J3*PV_DEMO -> 0
A4: U7Y7C00E | B4: Cloud Shout | C4: 0 | D4: 0 | E4: 0 | F4: 0 | G4: 0 | H4: 0 | I4: 0 | J4: 0 | K4: =C4*PV_UPDATE+D4*PV_DEPLOY+E4*PV_HELP+F4*PV_BLOG+G4*PV_PR+H4*PV_BUILDNIGHT+I4*PV_MENTOR+J4*PV_DEMO -> 0
A5: UQN61X77 | B5: Dameware | C5: 0 | D5: 0 | E5: 0 | F5: 0 | G5: 0 | H5: 0 | I5: 0 | J5: 0 | K5: =C5*PV_UPDATE+D5*PV_DEPLOY+E5*PV_HELP+F5*PV_BLOG+G5*PV_PR+H5*PV_BUILDNIGHT+I5*PV_MENTOR+J5*PV_DEMO -> 0
A6: U4V28K6Y | B6: THE KRAZY TEAM | C6: 0 | D6: 0 | E6: 0 | F6: 0 | G6: 0 | H6: 0 | I6: 0 | J6: 0 | K6: =C6*PV_UPDATE+D6*PV_DEPLOY+E6*PV_HELP+F6*PV_BLOG+G6*PV_PR+H6*PV_BUILDNIGHT+I6*PV_MENTOR+J6*PV_DEMO -> 0
A7: U7QW53P8 | B7: BugSlayers | C7: 0 | D7: 0 | E7: 0 | F7: 0 | G7: 0 | H7: 0 | I7: 0 | J7: 0 | K7: =C7*PV_UPDATE+D7*PV_DEPLOY+E7*PV_HELP+F7*PV_BLOG+G7*PV_PR+H7*PV_BUILDNIGHT+I7*PV_MENTOR+J7*PV_DEMO -> 0
A8: UH146X8Q | B8: Zero degree | C8: 0 | D8: 0 | E8: 0 | F8: 0 | G8: 0 | H8: 0 | I8: 0 | J8: 0 | K8: =C8*PV_UPDATE+D8*PV_DEPLOY+E8*PV_HELP+F8*PV_BLOG+G8*PV_PR+H8*PV_BUILDNIGHT+I8*PV_MENTOR+J8*PV_DEMO -> 0
A9: U8QVR014 | B9: Builders here | C9: 0 | D9: 0 | E9: 0 | F9: 0 | G9: 0 | H9: 0 | I9: 0 | J9: 0 | K9: =C9*PV_UPDATE+D9*PV_DEPLOY+E9*PV_HELP+F9*PV_BLOG+G9*PV_PR+H9*PV_BUILDNIGHT+I9*PV_MENTOR+J9*PV_DEMO -> 0
A10: U820U5BA | B10: HackEnds | C10: 0 | D10: 0 | E10: 0 | F10: 0 | G10: 0 | H10: 0 | I10: 0 | J10: 0 | K10: =C10*PV_UPDATE+D10*PV_DEPLOY+E10*PV_HELP+F10*PV_BLOG+G10*PV_PR+H10*PV_BUILDNIGHT+I10*PV_MENTOR+J10*PV_DEMO -> 0
A11: U9I2YU88 | B11: Nari_Coders | C11: 0 | D11: 0 | E11: 0 | F11: 0 | G11: 0 | H11: 0 | I11: 0 | J11: 0 | K11: =C11*PV_UPDATE+D11*PV_DEPLOY+E11*PV_HELP+F11*PV_BLOG+G11*PV_PR+H11*PV_BUILDNIGHT+I11*PV_MENTOR+J11*PV_DEMO -> 0
A12: U4V88J8A | B12: Future Foundry | C12: 0 | D12: 0 | E12: 0 | F12: 0 | G12: 0 | H12: 0 | I12: 0 | J12: 0 | K12: =C12*PV_UPDATE+D12*PV_DEPLOY+E12*PV_HELP+F12*PV_BLOG+G12*PV_PR+H12*PV_BUILDNIGHT+I12*PV_MENTOR+J12*PV_DEMO -> 0
A13: UST5O599 | B13: Git happens | C13: 0 | D13: 0 | E13: 0 | F13: 0 | G13: 0 | H13: 0 | I13: 0 | J13: 0 | K13: =C13*PV_UPDATE+D13*PV_DEPLOY+E13*PV_HELP+F13*PV_BLOG+G13*PV_PR+H13*PV_BUILDNIGHT+I13*PV_MENTOR+J13*PV_DEMO -> 0
... A96: US4418KP | B96: QuadCore | C96: 0 | D96: 0 | E96: 0 | F96: 0 | G96: 0 | H96: 0 | I96: 0 | J96: 0 | K96: =C96*PV_UPDATE+D96*PV_DEPLOY+E96*PV_HELP+F96*PV_BLOG+G96*PV_PR+H96*PV_BUILDNIGHT+I96*PV_MENTOR+J96*PV_DEMO -> 0
